{
  "ate_mean_m": 2.489167306105588,
  "ate_rmse_m": 2.6554791317514197,
  "ate_std_m": 0.9249948872195571,
  "completeness_pct": 3.882154365505601,
  "delta_m": 10.0,
  "gt_poses": 19551,
  "matched_poses": 759,
  "rpe_rot_drift_deg_per_100m": 129.61882592016192,
  "rpe_rot_mean_deg": 12.961882592016192,
  "rpe_rot_rmse_deg": 25.709966188459546,
  "rpe_trans_drift_m_per_m": 1.6518906691027186,
  "rpe_trans_mean_m": 16.518906691027187,
  "rpe_trans_rmse_m": 19.62268973117949,
  "t_max_diff_s": 0.1
}