{
  "ate_mean_m": 2.1865376105333394,
  "ate_rmse_m": 2.558627196725025,
  "ate_std_m": 1.3287687569867512,
  "completeness_pct": 2.086849777504987,
  "delta_m": 10.0,
  "gt_poses": 19551,
  "matched_poses": 408,
  "rpe_rot_drift_deg_per_100m": 136.325625754985,
  "rpe_rot_mean_deg": 13.632562575498499,
  "rpe_rot_rmse_deg": 26.008682709237917,
  "rpe_trans_drift_m_per_m": 1.8313673805256752,
  "rpe_trans_mean_m": 18.31367380525675,
  "rpe_trans_rmse_m": 21.083739728578752,
  "t_max_diff_s": 0.1
}