{
  "ate_mean_m": 49.841670327867796,
  "ate_rmse_m": 57.70343233988939,
  "ate_std_m": 29.07737957128077,
  "completeness_pct": 2.762007058462483,
  "delta_m": 10.0,
  "gt_poses": 19551,
  "matched_poses": 540,
  "rpe_rot_drift_deg_per_100m": 174.6203720808836,
  "rpe_rot_mean_deg": 17.46203720808836,
  "rpe_rot_rmse_deg": 34.90372811947577,
  "rpe_trans_drift_m_per_m": 2.1826919669831724,
  "rpe_trans_mean_m": 21.826919669831724,
  "rpe_trans_rmse_m": 29.684911780725106,
  "t_max_diff_s": 0.1
}