{
  "ate_mean_m": 2.1862633103927758,
  "ate_rmse_m": 2.4898221888410217,
  "ate_std_m": 1.1914139791338352,
  "completeness_pct": 2.296557720832694,
  "delta_m": 10.0,
  "gt_poses": 19551,
  "matched_poses": 449,
  "rpe_rot_drift_deg_per_100m": 136.2162343187272,
  "rpe_rot_mean_deg": 13.62162343187272,
  "rpe_rot_rmse_deg": 25.94295611821275,
  "rpe_trans_drift_m_per_m": 1.801758301588746,
  "rpe_trans_mean_m": 18.01758301588746,
  "rpe_trans_rmse_m": 20.415019200855742,
  "t_max_diff_s": 0.1
}