{
  "ate_mean_m": 2.0308097158776044,
  "ate_rmse_m": 2.1984134216463898,
  "ate_std_m": 0.8419224847764265,
  "completeness_pct": 2.296557720832694,
  "delta_m": 10.0,
  "gt_poses": 19551,
  "matched_poses": 449,
  "rpe_rot_drift_deg_per_100m": 140.22044183808697,
  "rpe_rot_mean_deg": 14.022044183808697,
  "rpe_rot_rmse_deg": 26.587138820083247,
  "rpe_trans_drift_m_per_m": 1.8558213302872661,
  "rpe_trans_mean_m": 18.558213302872662,
  "rpe_trans_rmse_m": 21.09378150869698,
  "t_max_diff_s": 0.1
}