{
  "ate_mean_m": 3.503328426530372,
  "ate_rmse_m": 3.8805225517698294,
  "ate_std_m": 1.6688754329363407,
  "completeness_pct": 3.4064753721037286,
  "delta_m": 10.0,
  "gt_poses": 19551,
  "matched_poses": 666,
  "rpe_rot_drift_deg_per_100m": 128.4675488343171,
  "rpe_rot_mean_deg": 12.84675488343171,
  "rpe_rot_rmse_deg": 25.84278195977821,
  "rpe_trans_drift_m_per_m": 1.707649441100104,
  "rpe_trans_mean_m": 17.07649441100104,
  "rpe_trans_rmse_m": 20.264495119776644,
  "t_max_diff_s": 0.1
}