{
  "ate_mean_m": 2.633461434079885,
  "ate_rmse_m": 2.875416398369256,
  "ate_std_m": 1.1545130312061174,
  "completeness_pct": 2.4960360083883177,
  "delta_m": 10.0,
  "gt_poses": 19551,
  "matched_poses": 488,
  "rpe_rot_drift_deg_per_100m": 138.17138895343572,
  "rpe_rot_mean_deg": 13.817138895343573,
  "rpe_rot_rmse_deg": 25.825680944626498,
  "rpe_trans_drift_m_per_m": 1.8130711616159618,
  "rpe_trans_mean_m": 18.13071161615962,
  "rpe_trans_rmse_m": 21.746540845129392,
  "t_max_diff_s": 0.1
}